ds,yhat,yhat_lower,yhat_upper,model,type
2000-01-01,126.91875013588692,121.9464920388066,131.80561923870843,Prophet,forecast
2000-02-01,128.25846859646978,123.38538878064551,133.2610729358806,Prophet,forecast
2000-03-01,129.22052500907515,124.1887058677518,133.72234316276837,Prophet,forecast
2000-04-01,129.30897197553537,124.87209802551098,134.11782092972658,Prophet,forecast
2000-05-01,127.4707364447648,122.68417913087193,132.3813663527455,Prophet,forecast
2000-06-01,125.32026422647634,120.47758895731256,130.23024830313875,Prophet,forecast
2000-07-01,126.06312319776134,121.30438473466516,130.89298801099187,Prophet,forecast
2000-08-01,126.7003804339779,121.81914345721584,131.44743983499234,Prophet,forecast
2000-09-01,124.89894408658648,119.81712247236209,129.48439045593204,Prophet,forecast
2000-10-01,127.51703074808562,122.8902741774332,132.18040869210049,Prophet,forecast
2000-11-01,129.31969627466904,124.50026578245004,134.19168407045643,Prophet,forecast
2000-12-01,128.64225901137686,124.14822853854793,133.49118882677766,Prophet,forecast
2001-01-01,129.430254137934,124.51966619762806,134.0960052284879,Prophet,forecast
2001-02-01,129.40497509106766,124.50078306196916,134.22272491872573,Prophet,forecast
2001-03-01,130.1668800888188,125.59392140740243,134.8101783468563,Prophet,forecast
2001-04-01,130.858649279262,126.33056332559212,135.690177603743,Prophet,forecast
2001-05-01,128.04342721020305,123.07991019628749,132.69128600929258,Prophet,forecast
2001-06-01,125.85624779005528,120.72596742246142,130.80694485219627,Prophet,forecast
2001-07-01,127.23990046550206,122.32812671676248,131.9897663280653,Prophet,forecast
2001-08-01,127.67534410096803,122.59359884026148,132.44868541351812,Prophet,forecast
2001-09-01,125.97691141995016,121.38166068939007,130.77932296629035,Prophet,forecast
2001-10-01,128.30320834217326,123.50029662088122,133.1388353425995,Prophet,forecast
2001-11-01,129.96043074502882,124.86257828345636,135.01597882655793,Prophet,forecast
2001-12-01,130.20575636961382,125.32005685919584,134.91567395434126,Prophet,forecast
2002-01-01,129.83384908614508,125.00176570127492,134.6479543710109,Prophet,forecast
2002-02-01,130.2489837217738,125.33763807827538,134.60333294011403,Prophet,forecast
2002-03-01,131.12151562513566,126.19273393245436,135.82964016077696,Prophet,forecast
2002-04-01,132.40170899037517,127.8179632612554,137.1285672478113,Prophet,forecast
2002-05-01,128.60348018971305,124.01918089680574,133.3039079463968,Prophet,forecast
2002-06-01,126.39882004160506,121.64889361776154,131.37970112042564,Prophet,forecast
2002-07-01,128.42392288620152,123.3060086799276,133.36561060496726,Prophet,forecast
2002-08-01,128.6500927841869,124.02556305506342,133.2384623000231,Prophet,forecast
2002-09-01,127.0523175059262,122.4462049378271,132.19085865458823,Prophet,forecast
2002-10-01,129.08493666891707,124.21450480160118,133.94136795208308,Prophet,forecast
2002-11-01,130.60805215026411,125.54317554821829,135.37667715000205,Prophet,forecast
2002-12-01,131.76515219174382,126.70428805102924,136.5377893747686,Prophet,forecast
2003-01-01,130.22951273595802,125.1699541883834,134.9384088523143,Prophet,forecast
2003-02-01,131.09973082058076,126.57159166506014,136.1934867952165,Prophet,forecast
2003-03-01,132.08420952950507,127.00710149129208,136.8942085365943,Prophet,forecast
2003-04-01,133.93751742646046,129.31751675970662,138.6297120004406,Prophet,forecast
2003-05-01,129.15131141085175,124.22079262553808,134.20474089806933,Prophet,forecast
2003-06-01,126.94847538243653,122.01794190482322,131.67834264550362,Prophet,forecast
2003-07-01,129.61496394860802,124.80037545408447,134.40320554831737,Prophet,forecast
2003-08-01,129.62446208471965,124.52224708331116,134.33136428889864,Prophet,forecast
2003-09-01,128.12499180015044,123.58037167697502,133.0289738593541,Prophet,forecast
2003-10-01,129.86238169833732,125.00996327540749,134.86149032643624,Prophet,forecast
2003-11-01,131.26274768732975,126.53481997538827,135.98594242330154,Prophet,forecast
2003-12-01,133.31993475979945,128.15398414785332,138.48357465580875,Prophet,forecast
2004-01-01,130.61771896625575,125.84761425077596,135.17484965544787,Prophet,forecast
2004-02-01,131.95743742683223,127.21226022372494,136.95649379417304,Prophet,forecast
2004-03-01,132.91949383943984,128.1038991653926,137.4757839714058,Prophet,forecast
2004-04-01,133.00794080589526,128.02532598588752,137.86588311613818,Prophet,forecast
2004-05-01,131.16970527513018,126.48883256424791,136.08296697207757,Prophet,forecast
2004-06-01,129.01923305684485,124.12709494184764,133.82311582742832,Prophet,forecast
2004-07-01,129.76209202812467,125.16926776099126,134.44750218500565,Prophet,forecast
2004-08-01,130.3993492643441,125.4855448387826,135.30891738546393,Prophet,forecast
2004-09-01,128.59791291695163,123.34933311126068,133.05932461856506,Prophet,forecast
2004-10-01,131.2159995784524,125.98900182553211,135.9117629315145,Prophet,forecast
2004-11-01,133.01866510503405,128.49031161790373,137.73038355344335,Prophet,forecast
2004-12-01,132.34122784173877,127.49782293303343,136.70608252094155,Prophet,forecast
2005-01-01,133.1292229682945,128.68179415703537,138.19111842090254,Prophet,forecast
2005-02-01,132.6760581853827,127.75015786700844,137.7217194852618,Prophet,forecast
2005-03-01,133.0514857441173,127.99983906888616,137.84537046412694,Prophet,forecast
2005-04-01,133.31536919850484,128.68696348313665,138.182289820399,Prophet,forecast
2005-05-01,130.08606415907312,125.41199755390608,134.90008455645307,Prophet,forecast
2005-06-01,127.4709990028767,122.4542077042268,132.3910673676573,Prophet,forecast
2005-07-01,128.44056870794785,123.15387876786016,132.92042705335462,Prophet,forecast
2005-08-01,128.44812660735855,123.61036169439186,133.09795186320434,Prophet,forecast
2005-09-01,126.32180819028598,121.16709350373954,131.22295606415696,Prophet,forecast
2005-10-01,128.23402214214107,123.49336104436188,132.9092495134552,Prophet,forecast
2005-11-01,129.4633588089442,124.70000310195095,134.25479479280006,Prophet,forecast
2005-12-01,129.29460146315375,124.79368594122408,133.96570323591115,Prophet,forecast
2006-01-01,128.49480844363663,123.54316517360752,133.03913922874605,Prophet,forecast
2006-02-01,128.48205734320905,123.84566469273896,133.4977905352438,Prophet,forecast
2006-03-01,128.96811180755546,124.07372896140564,133.98664203934905,Prophet,forecast
2006-04-01,129.82041943674267,125.032267780896,134.9643983586065,Prophet,forecast
2006-05-01,125.60810766570776,120.81112501289256,130.2132779419404,Prophet,forecast
2006-06-01,122.97556178154392,118.20392390879336,128.2066233426125,Prophet,forecast
2006-07-01,124.58658165577232,119.57258385512458,129.19017428823994,Prophet,forecast
2006-08-01,124.38486581769985,119.33558650315716,129.28936983652306,Prophet,forecast
2006-09-01,122.35920480339018,117.9141551087978,126.97639990660578,Prophet,forecast
2006-10-01,123.97774099600512,119.37921093620974,129.01892807894697,Prophet,forecast
2006-11-01,125.072970741302,120.0954272450026,129.76384094266453,Prophet,forecast
2006-12-01,125.81598781241055,120.53999273759408,130.84695892221413,Prophet,forecast
2007-01-01,123.85246262057294,118.87237486245782,128.7750923913083,Prophet,forecast
2007-02-01,124.29479496914055,119.42049360328352,129.01393446987288,Prophet,forecast
2007-03-01,124.89279623905048,120.49448976734432,129.57232569241722,Prophet,forecast
2007-04-01,126.31821839995456,121.42048320470852,131.08398701163256,Prophet,forecast
2007-05-01,121.1179294139657,116.3427132434955,125.66046083995973,Prophet,forecast
2007-06-01,118.48720764949796,113.60627293437014,123.42809380309228,Prophet,forecast
2007-07-01,120.73961324530048,115.78169293437226,125.64836488750475,Prophet,forecast
2007-08-01,120.32122564536012,115.64198348935324,125.14749945194826,Prophet,forecast
2007-09-01,118.39386962474,113.42547947821956,123.12092077564932,Prophet,forecast
2007-10-01,119.71717655254928,115.20336859308551,124.49875316797372,Prophet,forecast
2007-11-01,120.68965680548943,115.84534323697062,125.52911656015029,Prophet,forecast
2007-12-01,122.33276090758945,117.57396069495888,127.39297761576913,Prophet,forecast
2008-01-01,119.20265937798789,114.3550976467861,123.91937668097664,Prophet,forecast
2008-02-01,120.11449210251462,115.18341214873452,124.88370677987636,Prophet,forecast
2008-03-01,120.67626831042742,115.96611892165856,125.12946586498488,Prophet,forecast
2008-04-01,120.33682954083513,115.34256300189033,124.89261175992552,Prophet,forecast
2008-05-01,118.08451103969068,113.098043427325,122.82851652533316,Prophet,forecast
2008-06-01,115.50615308535254,110.84578382228092,120.490760733639,Prophet,forecast
2008-07-01,115.83492908626047,111.2859889040862,120.8298565123746,Prophet,forecast
2008-08-01,116.04430058642616,111.3461596330656,120.90068946992336,Prophet,forecast
2008-09-01,113.81497850298022,109.1341289021446,118.68339202472366,Prophet,forecast
2008-10-01,116.0189821941094,111.8282094861146,120.76297112717324,Prophet,forecast
2008-11-01,117.39376198463972,112.80434381438955,122.4383830914607,Prophet,forecast
2008-12-01,116.30224175097062,111.39813375571674,121.1704606324292,Prophet,forecast
2009-01-01,116.66235114147796,111.2385380368685,121.4992158393895,Prophet,forecast
2009-02-01,116.20918635855872,111.37014872900036,121.21500895973044,Prophet,forecast
2009-03-01,116.584613917294,111.83418637589558,121.63987883848156,Prophet,forecast
2009-04-01,116.8484973716863,112.07900984540557,121.36895896398828,Prophet,forecast
2009-05-01,113.6191923322518,109.1902786759866,118.55148846932308,Prophet,forecast
2009-06-01,111.00412717605342,105.965946558688,115.9280072258747,Prophet,forecast
2009-07-01,111.9736968811274,107.54444943478804,116.95578913135355,Prophet,forecast
2009-08-01,111.98125478053812,107.04555309043812,117.2643023524769,Prophet,forecast
2009-09-01,109.8549363634675,104.83070557388992,114.50435995355284,Prophet,forecast
2009-10-01,111.76715031531955,106.95856179499675,116.19123928844894,Prophet,forecast
2009-11-01,112.99648698212182,108.22529962746216,117.65528082496124,Prophet,forecast
2009-12-01,112.82772963633349,108.27953346928072,117.53038153881724,Prophet,forecast
2010-01-01,112.02793661681262,107.15325411111618,117.34840360145668,Prophet,forecast
2010-02-01,112.36498689488734,107.63396602956438,117.31717818462828,Prophet,forecast
2010-03-01,113.16699099142484,108.28527153239116,118.16243093458846,Prophet,forecast
2010-04-01,114.36909999911217,109.75673891026278,119.03600503788138,Prophet,forecast
2010-05-01,110.49530569113892,105.90613444588708,115.14303092679982,Prophet,forecast
2010-06-01,108.2125611854743,103.1302979988098,113.12346141061794,Prophet,forecast
2010-07-01,110.16209852276344,105.29713628000307,115.09243873630848,Prophet,forecast
2010-08-01,110.31018406319713,105.66427313127112,115.3016386428619,Prophet,forecast
2010-09-01,108.63432442738224,103.93391999925106,113.73845985040208,Prophet,forecast
2010-10-01,110.5913780830618,105.69159987947202,115.105951456686,Prophet,forecast
2010-11-01,112.03640920685623,106.76511385528808,116.88811067959222,Prophet,forecast
2010-12-01,113.11794374102944,108.20601604279764,117.78211186165582,Prophet,forecast
2011-01-01,111.50421992768656,106.74110730669771,116.40601425030472,Prophet,forecast
2011-02-01,112.29635365475411,107.0828182576364,117.1388336697166,Prophet,forecast
2011-03-01,113.21030455685866,108.47338957030875,118.08899011568296,Prophet,forecast
2011-04-01,114.98552809626024,109.85315420658696,119.43978941007208,Prophet,forecast
2011-05-01,110.12375657334098,105.47876756182406,114.9905266504214,Prophet,forecast
2011-06-01,107.84283618736988,103.04749603925852,112.58954659220078,Prophet,forecast
2011-07-01,110.43375924623147,105.63505503225726,115.43073685254429,Prophet,forecast
2011-08-01,110.36517302478856,105.46486468927722,115.08611316400592,Prophet,forecast
2011-09-01,108.78761838267155,104.11799705511731,113.81375165910788,Prophet,forecast
2011-10-01,110.4494427735437,105.92270982318044,115.48505685420656,Prophet,forecast
2011-11-01,111.77172440497982,106.76762888023484,116.52870967045114,Prophet,forecast
2011-12-01,113.75334597014262,109.0608836508824,118.73977887974364,Prophet,forecast
2012-01-01,110.97304581904258,106.45289186439209,116.03182383895472,Prophet,forecast
2012-02-01,112.2346799220711,107.22562719325104,116.92843693020924,Prophet,forecast
2012-03-01,113.12368967761014,108.39654006708588,118.00705334157747,Prophet,forecast
2012-04-01,113.13405228651088,108.32277838398988,117.79757890640722,Prophet,forecast
2012-05-01,111.22025124843508,106.40172211081531,116.04032724636728,Prophet,forecast
2012-06-01,108.99169467259703,103.92823348425354,114.03435157375176,Prophet,forecast
2012-07-01,109.65898813656678,105.12119269528364,114.46385322448458,Prophet,forecast
2012-08-01,110.21816101523277,105.336177639792,114.74926158969116,Prophet,forecast
2012-09-01,108.33864031028727,103.58338850824332,113.11770950158378,Prophet,forecast
2012-10-01,110.8811614644752,105.9167741785289,115.68972882277728,Prophet,forecast
2012-11-01,112.60574263350412,107.62523330826502,117.27832679887908,Prophet,forecast
2012-12-01,111.85273986290316,106.99812600447412,116.77503014331896,Prophet,forecast
2013-01-01,112.56265063190548,107.5544490249008,117.14899341463725,Prophet,forecast
2013-02-01,112.45928722748872,107.48758322811652,117.1172185224702,Prophet,forecast
2013-03-01,113.15066441841748,108.28882717780712,117.71979962574916,Prophet,forecast
2013-04-01,113.76434925130144,108.97586305021078,118.74287265084124,Prophet,forecast
2013-05-01,110.87356167493478,105.723755902549,115.6813133714775,Prophet,forecast
2013-06-01,108.6082978972385,103.78837557156947,113.53061694772852,Prophet,forecast
2013-07-01,109.91638506537218,105.06059600534266,114.9183521567574,Prophet,forecast
2013-08-01,110.2737443432844,105.63524908287872,115.4670140284826,Prophet,forecast
2013-09-01,108.49722730470798,103.61683859963878,113.39799355973452,Prophet,forecast
2013-10-01,110.74795871962672,105.41636424947453,115.58028361172217,Prophet,forecast
2013-11-01,112.32709676492684,107.60577731122852,116.93784259342364,Prophet,forecast
2013-12-01,112.49685688220184,107.79754077738832,117.34458909744689,Prophet,forecast
2014-01-01,112.04686524117852,107.25358706982436,117.2253447534699,Prophet,forecast
2014-02-01,112.38391551925386,107.73687510469952,117.17294278513792,Prophet,forecast
2014-03-01,113.18591961579313,108.316854811128,117.52669294916733,Prophet,forecast
2014-04-01,114.38802862348052,109.04107614777152,119.17489476082788,Prophet,forecast
2014-05-01,110.5142343155075,105.82452863529844,115.1555927112585,Prophet,forecast
2014-06-01,108.2314898098441,103.46140160601794,112.8465037236909,Prophet,forecast
2014-07-01,110.18102714713382,105.24732909266456,114.85807920113544,Prophet,forecast
2014-08-01,110.32911268756244,105.47217492652284,114.81164990729025,Prophet,forecast
2014-09-01,108.65325305174954,103.50201507284687,113.2592371115495,Prophet,forecast
2014-10-01,110.61030670742991,105.78351293716102,115.26145580696974,Prophet,forecast
2014-11-01,112.055337831226,107.27772270916913,116.78965417090753,Prophet,forecast
2014-12-01,113.13687236539349,108.1693768077674,118.07619762650005,Prophet,forecast
2015-01-01,111.52314855205732,106.61973535023182,116.33046869785588,Prophet,forecast
2015-02-01,112.44449669106268,107.6927296715258,117.22750940678031,Prophet,forecast
2015-03-01,113.47515738459536,108.5724498919417,117.86539584764516,Prophet,forecast
2015-04-01,115.37959533594292,110.53731221287524,120.1471249040686,Prophet,forecast
2015-05-01,110.64287001812473,105.90782491436264,115.68227932097408,Prophet,forecast
2015-06-01,108.49116404409554,103.23903496542108,113.4161329313041,Prophet,forecast
2015-07-01,111.20713330806446,106.24908921396404,115.94652330303876,Prophet,forecast
2015-08-01,111.2677614985633,106.42235839219052,115.8879175010391,Prophet,forecast
2015-09-01,109.81942126838364,104.89431571443718,114.54782311610604,Prophet,forecast
2015-10-01,111.60629186436394,106.97520365446177,116.36577907819816,Prophet,forecast
2015-11-01,113.05778790774356,108.11305568893836,118.04744475202736,Prophet,forecast
2015-12-01,115.16445567801252,109.9946204456736,119.93041944389611,Prophet,forecast
2016-01-01,112.51336993885032,107.82810636382496,117.23390232753977,Prophet,forecast
2016-02-01,113.90421845381924,108.92332237184677,118.64919005670056,Prophet,forecast
2016-03-01,114.91410620762444,110.1433058040691,119.97294021316962,Prophet,forecast
2016-04-01,115.05368322847352,110.01247381746052,119.60366557101024,Prophet,forecast
2016-05-01,113.26492839549796,108.37969453490528,117.83719687420158,Prophet,forecast
2016-06-01,111.1655862316017,105.9642023761748,116.2299873428946,Prophet,forecast
2016-07-01,111.95792590067684,107.37714451564898,116.76749032941176,Prophet,forecast
2016-08-01,112.646313191284,108.07048616674894,117.78769875098811,Prophet,forecast
2016-09-01,110.89600689827988,105.7454970677896,115.9334603868422,Prophet,forecast
2016-10-01,113.56357425757162,109.21139373364296,118.39286246113792,Prophet,forecast
2016-11-01,115.417369838543,110.52020663855446,120.05685025455868,Prophet,forecast
2016-12-01,114.7894132730427,109.7322464628936,119.27341401097055,Prophet,forecast
2017-01-01,115.6285384539905,111.01125963848176,120.7242579475747,Prophet,forecast
2017-02-01,115.65438946151284,110.85029668244805,120.20026557798836,Prophet,forecast
2017-03-01,116.46247644387122,111.7574468465581,121.15762694732368,Prophet,forecast
2017-04-01,117.20537568870108,112.08565791475462,122.34882388984585,Prophet,forecast
2017-05-01,114.43963431743374,109.1736748574624,119.12334448845937,Prophet,forecast
2017-06-01,112.3035849516796,107.3491545179856,116.9746706258395,Prophet,forecast
2017-07-01,113.7367183249203,108.9173633298161,118.48467587158328,Prophet,forecast
2017-08-01,114.22329201476924,109.0225869335518,118.72829751793162,Prophet,forecast
2017-09-01,112.575989388139,107.37924226379084,117.17235524968008,Prophet,forecast
2017-10-01,114.95176700815976,109.87210509245472,119.75248764129248,Prophet,forecast
2017-11-01,116.66011946540318,111.897461150476,121.33597455209284,Prophet,forecast
2017-12-01,116.95492578778511,112.04678944972648,121.86365356363446,Prophet,forecast
2018-01-01,116.63414855870404,111.81553911587834,121.62532702035922,Prophet,forecast
2018-02-01,117.10041324872034,112.24370113545817,121.80733369481143,Prophet,forecast
2018-03-01,118.01912713668948,113.06245610231464,122.76978631895808,Prophet,forecast
2018-04-01,119.35045055631667,114.52697807180417,123.94214453916008,Prophet,forecast
2018-05-01,115.60170245344725,110.45146746313284,120.435099500154,Prophet,forecast
2018-06-01,113.44817235972256,108.7404118048269,118.39154140329885,Prophet,forecast
2018-07-01,115.52275590212044,110.38666002656008,120.2579345036792,Prophet,forecast
2018-08-01,115.80005585448882,110.86812292862416,120.5461451036902,Prophet,forecast
2018-09-01,114.2534106306193,109.887198256948,119.58711741955024,Prophet,forecast
2018-10-01,116.33551049140192,111.6391071885778,120.94943446411304,Prophet,forecast
2018-11-01,117.90975602713854,113.30633115313232,122.54659750998074,Prophet,forecast
2018-12-01,119.11633676641772,114.30431990244256,124.1009052507474,Prophet,forecast
2019-01-01,117.63182736501778,112.79551077528764,122.39404871332786,Prophet,forecast
2019-02-01,118.55317550402611,113.6735871615523,123.20556509499156,Prophet,forecast
2019-03-01,119.58383619755664,114.76864422571629,124.53453806218783,Prophet,forecast
2019-04-01,121.48827414890442,116.61793210594122,126.19785505526951,Prophet,forecast
2019-05-01,116.75154883108698,111.8759570723962,121.61882182844808,Prophet,forecast
2019-06-01,114.59984285705572,109.697120571747,119.62430856209994,Prophet,forecast
2019-07-01,117.31581212102496,112.54400184660952,122.2155009682546,Prophet,forecast
2019-08-01,117.37644031152676,112.53434388419488,121.91309552203,Prophet,forecast
2019-09-01,115.92810008134592,111.26312114314678,121.11432061800647,Prophet,forecast
2019-10-01,117.71497067732378,112.78453965487894,122.66277577486076,Prophet,forecast
2019-11-01,119.16646672070544,114.47687215547468,123.74856883186789,Prophet,forecast
2019-12-01,121.27313449097451,116.4876037960028,126.5851901972314,Prophet,forecast
2020-01-01,118.6220487518096,113.74582508860912,123.35718166300556,Prophet,forecast
2020-02-01,120.25526812135944,115.1569312094244,125.42246455497148,Prophet,forecast
2020-03-01,121.49188990042045,116.6646442524912,126.22029866440796,Prophet,forecast
2020-04-01,121.87383777585302,117.46010037230192,126.640920246069,Prophet,forecast
2020-05-01,120.31963538279189,115.53456585335168,125.28795603736124,Prophet,forecast
2020-06-01,118.46266407347449,113.47717970742175,123.3183838205035,Prophet,forecast
2020-07-01,119.4895561824697,114.97604202229796,123.94238592353436,Prophet,forecast
2020-08-01,120.4203143276568,115.8045613839413,125.50136531765962,Prophet,forecast
2020-09-01,118.91237888923446,113.86971736888653,123.85238941409966,Prophet,forecast
2020-10-01,121.81449868844312,116.6847113126064,126.70178050430404,Prophet,forecast
2020-11-01,123.91066512399624,119.15808575421472,128.73269473944825,Prophet,forecast
2020-12-01,123.51726099841994,118.88691465804357,128.53424471975765,Prophet,forecast
2021-01-01,124.59875703394064,119.8522484163562,129.11448375208158,Prophet,forecast
2021-02-01,124.86697889604608,119.80680885488935,129.8539506959182,Prophet,forecast
2021-03-01,125.89398148899645,121.31736984956036,130.8703115055688,Prophet,forecast
2021-04-01,126.87925158840306,121.81295073415092,131.69097228446049,Prophet,forecast
2021-05-01,124.34806265706128,119.47112719172335,128.99947866236406,Prophet,forecast
2021-06-01,122.4543841458759,117.9739401933078,127.29458636837802,Prophet,forecast
2021-07-01,124.1220699590404,119.20335721408436,129.24273864269037,Prophet,forecast
2021-08-01,124.8510145034716,119.98260167731628,129.1882308700019,Prophet,forecast
2021-09-01,123.44608273142586,118.4707842352098,128.3751977236238,Prophet,forecast
2021-10-01,126.0564127913612,121.37782160677976,130.93860731937886,Prophet,forecast
2021-11-01,128.0071361031851,123.05110765608424,133.05476602238016,Prophet,forecast
2021-12-01,128.5364948654856,123.74268661045907,133.2673612694436,Prophet,forecast
2022-01-01,128.4580884909806,123.43280863698432,133.18389078772566,Prophet,forecast
2022-02-01,129.16672403558158,124.4824038034959,133.78529678192862,Prophet,forecast
2022-03-01,130.30435353413858,125.57505463301167,134.83416849761124,Prophet,forecast
2022-04-01,131.8780478083512,126.7749609572247,136.8549987578671,Prophet,forecast
2022-05-01,128.36385214539692,123.4723466909569,133.18886292492232,Prophet,forecast
2022-06-01,126.45269290625976,121.56982891593202,131.19581557400795,Prophet,forecast
2022-07-01,128.76182888856948,123.76828199865952,133.30195275937226,Prophet,forecast
2022-08-01,129.28149969552064,124.2597736567793,134.09382402563773,Prophet,forecast
2022-09-01,127.97722532623033,123.09034544856532,132.92417693810293,Prophet,forecast
2022-10-01,130.29387762693247,125.75510233673606,135.01820776647853,Prophet,forecast
2022-11-01,132.11049401724813,127.37934581235362,136.87997880864737,Prophet,forecast
2022-12-01,133.5516271964416,128.71388350613577,138.33047393571255,Prophet,forecast
2023-01-01,132.30948864962247,127.71278032947558,137.06751423019097,Prophet,forecast
2023-02-01,133.47320764321444,128.8809703271357,138.17542034795474,Prophet,forecast
2023-03-01,134.7227839473375,129.70918712000258,139.48778451640655,Prophet,forecast
2023-04-01,136.86959275326504,132.1837964732479,141.5353099186848,Prophet,forecast
2023-05-01,132.36741987536482,127.46302288533238,137.00312980273088,Prophet,forecast
2023-06-01,130.45808475591363,125.29584367215732,135.45494885437756,Prophet,forecast
2023-07-01,133.4086064598029,128.3148910604938,138.47277110127672,Prophet,forecast
2023-08-01,133.71160550488472,128.81661771199066,138.68380602717846,Prophet,forecast
2023-09-01,132.50563612928482,127.63317251045972,137.1257355401424,Prophet,forecast
2023-10-01,134.52705916518337,129.70874632157933,139.00095679843216,Prophet,forecast
2023-11-01,136.2209260631416,131.5640423757807,141.0433988788278,Prophet,forecast
2023-12-01,138.56214627332648,133.23850708888375,143.46468908888684,Prophet,forecast
2024-01-01,136.1534313887527,131.343885301928,140.8127692145214,Prophet,forecast
2024-02-01,137.7866507582987,133.1414238776971,142.65105635702665,Prophet,forecast
2024-03-01,139.0232725373567,134.1633397738099,144.09956266619997,Prophet,forecast
2024-04-01,139.4052204127858,134.52490754473024,144.33690708627236,Prophet,forecast
2024-05-01,137.85101801972988,133.30120419353423,142.99252712037028,Prophet,forecast
2024-06-01,135.99404671041253,130.93534371687758,140.45386375933973,Prophet,forecast
2024-07-01,137.0209388194058,132.36737765865777,141.66130898625414,Prophet,forecast
2024-08-01,137.9516969645953,133.13175716295845,143.11930432066492,Prophet,forecast
2024-09-01,136.44376152617113,131.62965909785612,141.32683139023365,Prophet,forecast
2024-10-01,139.34588132538263,134.3181655567426,144.13990016247462,Prophet,forecast
2024-11-01,141.44204776093372,136.54698978091878,146.3799423034439,Prophet,forecast
2024-12-01,141.04864363535026,136.43107140709142,146.1591650937552,Prophet,forecast
2025-01-01,142.13013967088153,137.15428317009585,147.13351918652194,Prophet,forecast
2025-02-01,142.3983615329837,137.5435433224721,147.3696261400327,Prophet,forecast
2025-03-01,143.42536412593313,138.83504941934507,148.1015620432248,Prophet,forecast
2025-04-01,144.4106342253387,139.61804890283796,149.1573742428513,Prophet,forecast
2025-05-01,141.87944529399527,137.04267709955354,146.5322692857614,Prophet,forecast
2025-06-01,139.98576678281876,135.39220797199494,144.745186605819,Prophet,forecast
2025-07-01,141.65345259597723,136.5318424212258,146.38866815652358,Prophet,forecast
2025-08-01,142.38239714041185,137.41336299076374,147.24893654049382,Prophet,forecast
2025-09-01,140.97746536836078,136.00723824837848,145.49549732559984,Prophet,forecast
2025-10-01,143.58779542829947,138.83586382890277,148.5989792409597,Prophet,forecast
2025-11-01,145.53851874012284,140.07930515755612,150.09661684444163,Prophet,forecast
2025-12-01,146.06787750242432,141.27846404907137,151.03100884668413,Prophet,forecast
2025-12-31,143.82089754731055,138.8471577792924,148.6182619520638,Prophet,forecast
2026-01-31,146.4352393733487,142.0067458144874,151.37265285630255,Prophet,forecast
2026-02-28,148.02400874299116,143.0863935803039,153.164696487655,Prophet,forecast
2026-03-31,151.7945753600542,147.27775163250587,156.79444297068216,Prophet,forecast
2026-04-30,144.30926266299727,139.82646318529368,149.32380652812677,Prophet,forecast
2026-05-31,142.52154580387173,137.5842832518295,147.37163720114503,Prophet,forecast
2026-06-30,147.38858528115713,142.44048963390733,152.0903988947801,Prophet,forecast
2026-07-31,146.99799482940853,141.88810584173817,151.60547908376577,Prophet,forecast
2026-08-31,146.07285929353807,141.27564503449818,151.1303260482949,Prophet,forecast
2026-09-30,147.20265978140176,142.48451982487424,152.21410507074918,Prophet,forecast
2026-10-31,148.5963855761195,143.30757602875556,153.8781869693287,Prophet,forecast
2026-11-30,153.56101616251723,148.65922602914182,158.69892524467213,Prophet,forecast
2026-12-31,147.64542441480447,142.70364944978837,153.0253349451991,Prophet,forecast
2027-01-31,150.77076535239007,146.07537138971065,155.8578458515954,Prophet,forecast
2027-02-28,152.47219458901176,147.38555373995624,157.2249288702873,Prophet,forecast
2027-03-31,156.7510403859065,151.6172817005834,161.61038560734372,Prophet,forecast
2027-04-30,148.26851250790628,143.2891818330408,153.75544924268635,Prophet,forecast
2027-05-31,146.5599993176692,141.26195403404623,151.54881423878868,Prophet,forecast
2027-06-30,152.06090659324644,146.54890029017133,157.34836978631895,Prophet,forecast
2027-07-31,151.42493130290595,146.01585566656797,156.45618351202884,Prophet,forecast
2027-08-31,150.58875506476147,145.55667208273485,155.57908661446464,Prophet,forecast
2027-09-30,151.42049415274712,146.2204659907996,157.06738792051007,Prophet,forecast
2027-10-31,152.73678082148658,147.26879958046513,157.97297262717137,Prophet,forecast
2027-11-30,158.54811411611126,153.29478451662035,164.26212652962522,Prophet,forecast
2027-12-31,151.4644995703407,145.9979402479902,156.93214237849094,Prophet,forecast
2028-01-31,155.11401097560224,149.34759439496335,160.90677674567308,Prophet,forecast
2028-02-29,156.68042000858512,150.82006275798773,162.0225830266797,Prophet,forecast
2028-03-31,159.38464786517287,153.29512378763548,165.3524485543487,Prophet,forecast
2028-04-30,153.89058540844803,148.29858953228492,159.882997066433,Prophet,forecast
2028-05-31,152.00242656925695,146.20426250407547,157.70994484985147,Prophet,forecast
2028-06-30,155.5935453253389,149.12281492397696,161.48376095350642,Prophet,forecast
2028-07-31,155.6725494998543,149.29400239396952,161.49518042502814,Prophet,forecast
2028-08-31,154.56253293358225,148.4962398040391,160.770186759927,Prophet,forecast
2028-09-30,156.2875125193922,149.74409409410967,162.55559902946592,Prophet,forecast
2028-10-31,157.86999189616182,151.2170643660126,164.20977678100448,Prophet,forecast
2028-11-30,161.09893011762836,155.04481466956705,167.1894197982224,Prophet,forecast
2028-12-31,157.52178482340665,151.18969226612626,164.52073351338848,Prophet,forecast
2029-01-31,159.63864508648916,152.70930983473104,166.1373787404417,Prophet,forecast
2029-02-28,161.11424835865833,154.14075494795924,167.49315871975307,Prophet,forecast
2029-03-31,164.35983998883128,157.45432762393602,170.63472096063302,Prophet,forecast
2029-04-30,157.87104070055278,150.68276846341158,164.61606758921312,Prophet,forecast
2029-05-31,156.02342637830662,147.82366228308675,162.68711188284624,Prophet,forecast
2029-06-30,160.2536269943077,151.79106228318128,167.31237214384686,Prophet,forecast
2029-07-31,160.10140103896907,152.07655417836412,167.87281018112594,Prophet,forecast
2029-08-31,159.0849915639521,150.9421500547937,166.57932572505743,Prophet,forecast
2029-09-30,160.51265114819702,152.68618979071414,168.08781918508848,Prophet,forecast
2029-10-31,161.99509296257102,153.64520823937357,169.6288121642307,Prophet,forecast
2029-11-30,166.09871641523978,157.97510600800408,174.04698412102186,Prophet,forecast
2029-12-31,161.35228018424166,152.52588703760256,169.03860278660443,Prophet,forecast
2030-01-31,163.96662201028155,154.8610166259769,171.79943181416138,Prophet,forecast
2030-02-28,165.55539137992778,156.17343598670985,173.60260728855494,Prophet,forecast
2030-03-31,169.3259579969894,160.08932645372508,177.69345534922934,Prophet,forecast
2030-04-30,161.8406452999276,152.50305961932804,170.94305267460564,Prophet,forecast
2030-05-31,160.052928440809,149.95979333800486,168.85449914729844,Prophet,forecast
2030-06-30,164.91996791809493,153.73717805692763,173.69028073128666,Prophet,forecast
2030-07-31,164.52937746634862,153.4079153481523,173.64526720929362,Prophet,forecast
2030-08-31,163.60424193047717,152.80193577184824,172.77644396016316,Prophet,forecast
2030-09-30,164.73404241833742,153.35919428069622,174.27350707710167,Prophet,forecast
2030-10-31,166.1277682130562,154.67932324103722,176.4468629897249,Prophet,forecast
2030-11-30,171.0923987994479,159.15024672267373,181.7972317059964,Prophet,forecast
